{"loss": 0.1987927258014679, "epoch": 22, "cnt": 704, "_timestamp": 1711214053.0882294, "_runtime": 458.03782534599304, "_step": 748, "my_conf_mat_id_table": {"_type": "table-file", "sha256": "03b057119259d79975b0568dfc2b9c4e8b5d0d8e4665dc2c42bf7d2b9d8d57d8", "size": 503, "artifact_path": "wandb-client-artifact://7iv6u8tb8t7a5neqve8jh0pe0969kldluezf5xqh992g8zol2ixadodjvjvvtbknh5ioychqmkjzy7lp75i5ffaadtzvy3ve94ib00b7jiwbqruf72e0hy6l0w8sqd0r:latest/my_conf_mat_id_table.table.json", "_latest_artifact_path": "wandb-client-artifact://7iv6u8tb8t7a5neqve8jh0pe0969kldluezf5xqh992g8zol2ixadodjvjvvtbknh5ioychqmkjzy7lp75i5ffaadtzvy3ve94ib00b7jiwbqruf72e0hy6l0w8sqd0r:latest/my_conf_mat_id_table.table.json", "path": "media/table/my_conf_mat_id_table_724_03b057119259d79975b0.table.json", "ncols": 3, "nrows": 9}, "map": 0.46927645161729226, "ap": [0.675007198882297, 0.3608239746350924, 0.3719981813344875]}