{"Loss/train": 0.9862275719642639, "learning_rate": 0.005, "cnt": 31, "arruracy": 0.5652173913043478, "_timestamp": 1711219707.6706688, "_runtime": 318.8223488330841, "_step": 61, "my_conf_mat_id_table": {"_type": "table-file", "sha256": "4e35a40abc17d9abe755e1c17c6464c92c4ddcf885eda1587358181ca1c9a23f", "size": 501, "artifact_path": "wandb-client-artifact://y8cs2bizqxq3vcro5ke6m1dh954bqcgliro38nkm7vhgw5l59ph3j4ny81dkdatsq75s31ikwfqhkeb9chjljq0ekz3ixdz219dpeeqzxkowphpwpe99l5fpum65t2v2:latest/my_conf_mat_id_table.table.json", "_latest_artifact_path": "wandb-client-artifact://y8cs2bizqxq3vcro5ke6m1dh954bqcgliro38nkm7vhgw5l59ph3j4ny81dkdatsq75s31ikwfqhkeb9chjljq0ekz3ixdz219dpeeqzxkowphpwpe99l5fpum65t2v2:latest/my_conf_mat_id_table.table.json", "path": "media/table/my_conf_mat_id_table_58_4e35a40abc17d9abe755.table.json", "ncols": 3, "nrows": 9}, "map": 0.3296429375182722, "ap": [0.6016932514091418, 0.18518518518518517, 0.20205037596048983], "epoch": 14}