{"Loss/train": 0.39661023020744324, "learning_rate": 0.0005, "epoch": 7, "cnt": 16, "_timestamp": 1711215355.464613, "_runtime": 164.72564005851746, "_step": 31, "my_conf_mat_id_table": {"_type": "table-file", "sha256": "4e35a40abc17d9abe755e1c17c6464c92c4ddcf885eda1587358181ca1c9a23f", "size": 501, "artifact_path": "wandb-client-artifact://kl0a7ewhsrkp1iz28w82zytrse4rcbtv3eyjmvlib38g1o89b34cf0n82ch838r7dnmvbk5f1uu85db34cw2hqmfhm4e5pqgo441zcqbsfabd3jivqxcj3gssqlj7rmr:latest/my_conf_mat_id_table.table.json", "_latest_artifact_path": "wandb-client-artifact://kl0a7ewhsrkp1iz28w82zytrse4rcbtv3eyjmvlib38g1o89b34cf0n82ch838r7dnmvbk5f1uu85db34cw2hqmfhm4e5pqgo441zcqbsfabd3jivqxcj3gssqlj7rmr:latest/my_conf_mat_id_table.table.json", "path": "media/table/my_conf_mat_id_table_30_4e35a40abc17d9abe755.table.json", "ncols": 3, "nrows": 9}, "map": 0.49711390573052494, "ap": [0.7061114781579417, 0.2154319219765924, 0.5697983170570405]}