{"Loss/train": 0.0768112987279892, "learning_rate": 5e-05, "cnt": 1348, "_timestamp": 1711216912.2220216, "_runtime": 939.4944045543671, "_step": 1434, "my_conf_mat_id_table": {"_type": "table-file", "sha256": "dd309e650659211b9e9b982cd7c52cc037bb5974c236c91f14576306e2fc7d9f", "size": 501, "artifact_path": "wandb-client-artifact://s9bl7j0h4mjno154ro641juh18qrpwsn73nvvlgf630jzstqhor8jf95kv087l1a7tj0fg0q5z6r4rx3r3pkxb6i1vvpypjdk5b7jy8x2bxdmm2s6kd0siesmm7ydquq:latest/my_conf_mat_id_table.table.json", "_latest_artifact_path": "wandb-client-artifact://s9bl7j0h4mjno154ro641juh18qrpwsn73nvvlgf630jzstqhor8jf95kv087l1a7tj0fg0q5z6r4rx3r3pkxb6i1vvpypjdk5b7jy8x2bxdmm2s6kd0siesmm7ydquq:latest/my_conf_mat_id_table.table.json", "path": "media/table/my_conf_mat_id_table_1417_dd309e650659211b9e9b.table.json", "ncols": 3, "nrows": 9}, "map": 0.45947910161549915, "ap": [0.6905861924487741, 0.2797642178200298, 0.4080868945776937], "epoch": 42}