{"Loss/train": "CrossEntropyLoss()", "learning_rate": 0.0005, "cnt": 0, "arruracy": 0.125, "_timestamp": 1711218054.9084697, "_runtime": 3.011946678161621, "_step": 0}