{"Loss/train": 0.026315966621041298, "learning_rate": 0.0005, "cnt": 77, "arruracy": 1.0, "_timestamp": 1711221302.9968731, "_runtime": 764.2724401950836, "_step": 153, "my_conf_mat_id_table": {"_type": "table-file", "sha256": "8b84728a236122727f804f10b9fe51e189bcbf2062d1ebd083480a487e4b1ffd", "size": 501, "artifact_path": "wandb-client-artifact://sd3jo98dpo28czl8x5ikq0y44tfzisk1cotod8vj243keizlweayabhc2rh78dcfm9ox1jr835y9woledtxf0j7dlbxoxtyx1wp8sabhzq1n25h1f2evsedcw0f44o7q:latest/my_conf_mat_id_table.table.json", "_latest_artifact_path": "wandb-client-artifact://sd3jo98dpo28czl8x5ikq0y44tfzisk1cotod8vj243keizlweayabhc2rh78dcfm9ox1jr835y9woledtxf0j7dlbxoxtyx1wp8sabhzq1n25h1f2evsedcw0f44o7q:latest/my_conf_mat_id_table.table.json", "path": "media/table/my_conf_mat_id_table_150_8b84728a236122727f80.table.json", "ncols": 3, "nrows": 9}, "map": 1.0, "ap": [1.0, 1.0, 1.0], "epoch": 37}