{"Loss/train": 0.3304785490036011, "learning_rate": 0.0005, "epoch": 2, "cnt": 79, "_timestamp": 1711215877.8843935, "_runtime": 51.926674365997314, "_step": 83, "my_conf_mat_id_table": {"_type": "table-file", "sha256": "4e35a40abc17d9abe755e1c17c6464c92c4ddcf885eda1587358181ca1c9a23f", "size": 501, "artifact_path": "wandb-client-artifact://uyjv95k3oe9myo11lu234332y9xohki4pq00qdy4zh7wyj8y8xxa6mld7vbc2ki4yt8uqbxl4opmv0p03ikenb62m3guyp9uc2p98xh2u7dxon4igv5slatqx4hssq94:latest/my_conf_mat_id_table.table.json", "_latest_artifact_path": "wandb-client-artifact://uyjv95k3oe9myo11lu234332y9xohki4pq00qdy4zh7wyj8y8xxa6mld7vbc2ki4yt8uqbxl4opmv0p03ikenb62m3guyp9uc2p98xh2u7dxon4igv5slatqx4hssq94:latest/my_conf_mat_id_table.table.json", "path": "media/table/my_conf_mat_id_table_64_4e35a40abc17d9abe755.table.json", "ncols": 3, "nrows": 9}, "map": 0.44540787074539906, "ap": [0.7037076141143653, 0.25672744637312106, 0.3757885517487109]}