{"Loss/train": 0.02099887654185295, "learning_rate": 5e-05, "epoch": 34, "cnt": 273, "_timestamp": 1711215163.6136198, "_runtime": 659.786337852478, "_step": 341, "my_conf_mat_id_table": {"_type": "table-file", "sha256": "a220dd9947e2a0f97c82daab0a1a7d9108bce4ae67ab9ce48a3f3ab4cc540f22", "size": 503, "artifact_path": "wandb-client-artifact://ttf2kria28tn42f5hls60r085un8hhnpmg069gar89fuhje0675x07y9gdgska8wiqbeseimnspv6r2yf5qalqbovid4k4pz1z0nutvkdbse61kh5eu2til7eu4c417c:latest/my_conf_mat_id_table.table.json", "_latest_artifact_path": "wandb-client-artifact://ttf2kria28tn42f5hls60r085un8hhnpmg069gar89fuhje0675x07y9gdgska8wiqbeseimnspv6r2yf5qalqbovid4k4pz1z0nutvkdbse61kh5eu2til7eu4c417c:latest/my_conf_mat_id_table.table.json", "path": "media/table/my_conf_mat_id_table_338_a220dd9947e2a0f97c82.table.json", "ncols": 3, "nrows": 9}, "map": 0.45145869837894836, "ap": [0.686106143873811, 0.3100272192162521, 0.35824273204678203]}