{"loss": 0.5251622200012207, "epoch": 1, "cnt": 56, "_timestamp": 1711212409.2081065, "_runtime": 37.48343753814697, "_step": 57, "map": 0.3647248756275876, "ap": [0.655572816388428, 0.16064205234253978, 0.27795975815179497]}