{"Loss/train": 1.1764448881149292, "learning_rate": 0.0005, "cnt": 391, "arruracy": 0.375, "_timestamp": 1711218526.5723712, "_runtime": 283.5742793083191, "_step": 415, "my_conf_mat_id_table": {"_type": "table-file", "sha256": "4e35a40abc17d9abe755e1c17c6464c92c4ddcf885eda1587358181ca1c9a23f", "size": 501, "artifact_path": "wandb-client-artifact://8qyt2ayszptnszhyvobl2ijv4lbla3jwo57xceu5gjpjsmilbi1zcqslbl2iu2qaw2re96bvjqd8pdlcthjli3icg884049nazgcp5rckncas68t4kiazrt15vayqczx:latest/my_conf_mat_id_table.table.json", "_latest_artifact_path": "wandb-client-artifact://8qyt2ayszptnszhyvobl2ijv4lbla3jwo57xceu5gjpjsmilbi1zcqslbl2iu2qaw2re96bvjqd8pdlcthjli3icg884049nazgcp5rckncas68t4kiazrt15vayqczx:latest/my_conf_mat_id_table.table.json", "path": "media/table/my_conf_mat_id_table_394_4e35a40abc17d9abe755.table.json", "ncols": 3, "nrows": 9}, "map": 0.3333333333333333, "ap": [0.6049382716049383, 0.18518518518518517, 0.20987654320987653], "epoch": 11}