{"loss": 0.7243481874465942, "epoch": 0, "cnt": 30, "_timestamp": 1711212086.1527557, "_runtime": 33.91968083381653, "_step": 30}