{"Loss/train": 1.0514408349990845, "learning_rate": 0.0005, "cnt": 75, "arruracy": 0.5, "_timestamp": 1711218853.7226593, "_runtime": 54.29291343688965, "_step": 79, "my_conf_mat_id_table": {"_type": "table-file", "sha256": "4e35a40abc17d9abe755e1c17c6464c92c4ddcf885eda1587358181ca1c9a23f", "size": 501, "artifact_path": "wandb-client-artifact://bdm61dkq62l7yr8t5lwgibj4pge0gurvkrm7n11180ctlkq5rvmvyr1trbsgb03e22q6mcov6w03a1d7hls0136cl7506e3ke5tfhx5jme5hddaih7sg5cwua4nex1yf:latest/my_conf_mat_id_table.table.json", "_latest_artifact_path": "wandb-client-artifact://bdm61dkq62l7yr8t5lwgibj4pge0gurvkrm7n11180ctlkq5rvmvyr1trbsgb03e22q6mcov6w03a1d7hls0136cl7506e3ke5tfhx5jme5hddaih7sg5cwua4nex1yf:latest/my_conf_mat_id_table.table.json", "path": "media/table/my_conf_mat_id_table_64_4e35a40abc17d9abe755.table.json", "ncols": 3, "nrows": 9}, "map": 0.2067978619858528, "ap": [0.4032725423461368, 0.10137736309175101, 0.11574368051967053], "epoch": 1}