{"loss": 0.38922518491744995, "epoch": 6, "cnt": 199, "_timestamp": 1711212587.0371172, "_runtime": 91.84463024139404, "_step": 201, "map": 0.43142656606121, "ap": [0.6929068312822757, 0.20911487146457647, 0.39225799543677775]}