{"Loss/train": 0.960140585899353, "learning_rate": 0.005, "cnt": 8, "arruracy": 0.591304347826087, "_timestamp": 1711219291.280587, "_runtime": 91.24579691886902, "_step": 15, "my_conf_mat_id_table": {"_type": "table-file", "sha256": "4e35a40abc17d9abe755e1c17c6464c92c4ddcf885eda1587358181ca1c9a23f", "size": 501, "artifact_path": "wandb-client-artifact://416cjq8x50lmvnln6ug7wcb84duo8epjlpnf8jw1r1mynwginn61unp4n1motbmsr9h6nqnb72lb2o1jw17m20ohy4cv0xaobkhpzfprw9dgf8k8skpvr2qw4lbx95vk:latest/my_conf_mat_id_table.table.json", "_latest_artifact_path": "wandb-client-artifact://416cjq8x50lmvnln6ug7wcb84duo8epjlpnf8jw1r1mynwginn61unp4n1motbmsr9h6nqnb72lb2o1jw17m20ohy4cv0xaobkhpzfprw9dgf8k8skpvr2qw4lbx95vk:latest/my_conf_mat_id_table.table.json", "path": "media/table/my_conf_mat_id_table_14_4e35a40abc17d9abe755.table.json", "ncols": 3, "nrows": 9}, "map": 0.3333333333333333, "ap": [0.6049382716049383, 0.18518518518518517, 0.20987654320987653], "epoch": 3}