{"Loss/train": 0.2043897807598114, "epoch": 6, "cnt": 56, "_timestamp": 1711214466.4738588, "_runtime": 134.66819787025452, "_step": 69, "my_conf_mat_id_table": {"_type": "table-file", "sha256": "fa963ef2c480b6de8287d827f6863e05906ae41c324803b76b3ab9043177a2ac", "size": 501, "artifact_path": "wandb-client-artifact://1uk0q8ciacpnr88764a3t3fdk9rgatqttfwwdt4j8r5ie3hc6q6db2v64un9y8u19ya2eznj94smm211fkn231ylfzh3cm3w8dpcqczan8m9ep7fd3x3pqs6m3g5tzt2:latest/my_conf_mat_id_table.table.json", "_latest_artifact_path": "wandb-client-artifact://1uk0q8ciacpnr88764a3t3fdk9rgatqttfwwdt4j8r5ie3hc6q6db2v64un9y8u19ya2eznj94smm211fkn231ylfzh3cm3w8dpcqczan8m9ep7fd3x3pqs6m3g5tzt2:latest/my_conf_mat_id_table.table.json", "path": "media/table/my_conf_mat_id_table_68_fa963ef2c480b6de8287.table.json", "ncols": 3, "nrows": 9}, "map": 0.4661183367014621, "ap": [0.6848032897074534, 0.3069787079450919, 0.40657301245184085]}