{"Loss/train": 0.8014490008354187, "learning_rate": 0.0005, "cnt": 19, "arruracy": 0.75, "_timestamp": 1711218154.613144, "_runtime": 10.904409885406494, "_step": 19}