{"Loss/train": 1.0514448881149292, "learning_rate": 0.005, "cnt": 139, "arruracy": 0.5, "_timestamp": 1711219165.9579878, "_runtime": 106.51945567131042, "_step": 147, "my_conf_mat_id_table": {"_type": "table-file", "sha256": "4e35a40abc17d9abe755e1c17c6464c92c4ddcf885eda1587358181ca1c9a23f", "size": 501, "artifact_path": "wandb-client-artifact://vbfkwdcxfc0t9rl98r9vpe2iw4jr1kxpn0aw8t1yhrfz3ft3lmhxtlm7mah9ugx49cogrhx3vx87308oy58wgxj6du7khjfupnookwxvumcz1tjo6w7bgepia0d4q6c4:latest/my_conf_mat_id_table.table.json", "_latest_artifact_path": "wandb-client-artifact://vbfkwdcxfc0t9rl98r9vpe2iw4jr1kxpn0aw8t1yhrfz3ft3lmhxtlm7mah9ugx49cogrhx3vx87308oy58wgxj6du7khjfupnookwxvumcz1tjo6w7bgepia0d4q6c4:latest/my_conf_mat_id_table.table.json", "path": "media/table/my_conf_mat_id_table_130_4e35a40abc17d9abe755.table.json", "ncols": 3, "nrows": 9}, "map": 0.3333333333333333, "ap": [0.6049382716049383, 0.18518518518518517, 0.20987654320987653], "epoch": 3}