{"Loss/train": 1.04342782497406, "learning_rate": 0.0005, "cnt": 2, "arruracy": 0.5, "_timestamp": 1711218791.2955518, "_runtime": 5.424809694290161, "_step": 2}