{"Loss/train": 0.4730066657066345, "learning_rate": 0.0005, "cnt": 61, "_timestamp": 1711215932.6071422, "_runtime": 39.7137131690979, "_step": 63, "my_conf_mat_id_table": {"_type": "table-file", "sha256": "305691a3901068ddb31e084028d69d4cce0e350e693569fd7f650fc4cb19dc4d", "size": 502, "artifact_path": "wandb-client-artifact://z6kawfdfssxe97bxgpbgji2weabg3x4hln1rpxbyhylcsj4jb2a975415tbjzrauo8rlo0kzmbjr9wd0wtfp3twpfl0gfmfgerarudvejfk398x9lw9jxj81hvp17zcd:latest/my_conf_mat_id_table.table.json", "_latest_artifact_path": "wandb-client-artifact://z6kawfdfssxe97bxgpbgji2weabg3x4hln1rpxbyhylcsj4jb2a975415tbjzrauo8rlo0kzmbjr9wd0wtfp3twpfl0gfmfgerarudvejfk398x9lw9jxj81hvp17zcd:latest/my_conf_mat_id_table.table.json", "path": "media/table/my_conf_mat_id_table_31_305691a3901068ddb31e.table.json", "ncols": 3, "nrows": 9}, "map": 0.4030760282661016, "ap": [0.6874086216970393, 0.20443335300358048, 0.31738611009768497], "epoch": 0}