{"Loss/train": 1.0514378547668457, "learning_rate": 0.0005, "cnt": 244, "arruracy": 0.5, "_timestamp": 1711219045.889287, "_runtime": 181.630352973938, "_step": 258, "my_conf_mat_id_table": {"_type": "table-file", "sha256": "4e35a40abc17d9abe755e1c17c6464c92c4ddcf885eda1587358181ca1c9a23f", "size": 501, "artifact_path": "wandb-client-artifact://uuf1gnv5v0p4q2yq9xepojmub1yk9ffzyzi9zn4s2u7rm2c39ltn7gl3yxncv9gfaavqu45z72tiq3cryzux3s54ddhn1rojc50kacjnbysnaotksendmk1qnjyumpf0:latest/my_conf_mat_id_table.table.json", "_latest_artifact_path": "wandb-client-artifact://uuf1gnv5v0p4q2yq9xepojmub1yk9ffzyzi9zn4s2u7rm2c39ltn7gl3yxncv9gfaavqu45z72tiq3cryzux3s54ddhn1rojc50kacjnbysnaotksendmk1qnjyumpf0:latest/my_conf_mat_id_table.table.json", "path": "media/table/my_conf_mat_id_table_229_4e35a40abc17d9abe755.table.json", "ncols": 3, "nrows": 9}, "map": 0.21044859172836214, "ap": [0.4099453578474182, 0.10249033307118206, 0.11891008426648614], "epoch": 6}