{"Loss/train": 0.3346843719482422, "learning_rate": 0.0005, "epoch": 1, "cnt": 243, "_timestamp": 1711215407.8083134, "_runtime": 36.14592933654785, "_step": 245, "my_conf_mat_id_table": {"_type": "table-file", "sha256": "4e35a40abc17d9abe755e1c17c6464c92c4ddcf885eda1587358181ca1c9a23f", "size": 501, "artifact_path": "wandb-client-artifact://mwrzfca8siw1s9ynjxiz4s9ninat8lcsb62expj6gijtsy173h9wj0qtyza7mtfkkd14j4uemqtaphcyr53btuywfew4mizbdgn94jcv5a9l6j036qaevo3xhgtk6lki:latest/my_conf_mat_id_table.table.json", "_latest_artifact_path": "wandb-client-artifact://mwrzfca8siw1s9ynjxiz4s9ninat8lcsb62expj6gijtsy173h9wj0qtyza7mtfkkd14j4uemqtaphcyr53btuywfew4mizbdgn94jcv5a9l6j036qaevo3xhgtk6lki:latest/my_conf_mat_id_table.table.json", "path": "media/table/my_conf_mat_id_table_122_4e35a40abc17d9abe755.table.json", "ncols": 3, "nrows": 9}, "map": 0.3872792558979314, "ap": [0.6521720088581526, 0.13593703929560658, 0.37372871954003484]}