{"Loss/train": 0.9166608452796936, "learning_rate": 0.005, "cnt": 6, "arruracy": 0.6347826086956522, "_timestamp": 1711219959.6018963, "_runtime": 66.82745718955994, "_step": 11, "my_conf_mat_id_table": {"_type": "table-file", "sha256": "4e35a40abc17d9abe755e1c17c6464c92c4ddcf885eda1587358181ca1c9a23f", "size": 501, "artifact_path": "wandb-client-artifact://4yifs27k6vmlsrdhljxtytflsv2qziallpjmp96y9v4ohdkuqhxu4wo8tig5shkzjdewspky8am2cxm9xpbbmlv0003ziyask7moa9ai2m1jl4l8qz422j6flg0do4p4:latest/my_conf_mat_id_table.table.json", "_latest_artifact_path": "wandb-client-artifact://4yifs27k6vmlsrdhljxtytflsv2qziallpjmp96y9v4ohdkuqhxu4wo8tig5shkzjdewspky8am2cxm9xpbbmlv0003ziyask7moa9ai2m1jl4l8qz422j6flg0do4p4:latest/my_conf_mat_id_table.table.json", "path": "media/table/my_conf_mat_id_table_10_4e35a40abc17d9abe755.table.json", "ncols": 3, "nrows": 9}, "map": 0.4647749936218644, "ap": [0.5559998270274545, 0.10152893054372716, 0.7367962232944117], "epoch": 2}