{"Loss/train": 0.14739011228084564, "learning_rate": 0.0005, "epoch": 17, "cnt": 557, "_timestamp": 1711215813.5471904, "_runtime": 372.0824463367462, "_step": 591, "my_conf_mat_id_table": {"_type": "table-file", "sha256": "72d6e6c50a92dd1bc15bd76f559e5b63e17b711f38ba3da6d6bca35d631b4ca8", "size": 502, "artifact_path": "wandb-client-artifact://osft4w6id7lolwbsl6hyjtvp794ovlaod0s3dngwdlrrzdwin5gwsb4lhkl9amyt4vvc6w6xt9dx6sxxhvixcoh7f3fz9118sdedbietzxsznyu8enn9mp7coyfz07a3:latest/my_conf_mat_id_table.table.json", "_latest_artifact_path": "wandb-client-artifact://osft4w6id7lolwbsl6hyjtvp794ovlaod0s3dngwdlrrzdwin5gwsb4lhkl9amyt4vvc6w6xt9dx6sxxhvixcoh7f3fz9118sdedbietzxsznyu8enn9mp7coyfz07a3:latest/my_conf_mat_id_table.table.json", "path": "media/table/my_conf_mat_id_table_559_72d6e6c50a92dd1bc15b.table.json", "ncols": 3, "nrows": 9}, "map": 0.449892381090935, "ap": [0.687555830527133, 0.30102089191151116, 0.3611004208341607]}