{"Loss/train": 0.7655524015426636, "learning_rate": 0.0005, "cnt": 0, "arruracy": [Infinity, 1.0, 0.5, Infinity, Infinity, 0.5, Infinity, Infinity], "_timestamp": 1711217507.377653, "_runtime": 4.050548791885376, "_step": 0}