{"Loss/train": 0.6683991551399231, "learning_rate": 0.0005, "cnt": 61, "arruracy": [0.0, NaN, NaN], "_timestamp": 1711217333.2472727, "_runtime": 35.5879807472229, "_step": 63, "my_conf_mat_id_table": {"_type": "table-file", "sha256": "4e35a40abc17d9abe755e1c17c6464c92c4ddcf885eda1587358181ca1c9a23f", "size": 501, "artifact_path": "wandb-client-artifact://epgcbv1ctlnsrvyslxndqfl4r4fpkvpnuczmuhl6fav5k5dqu1z6o2kq1mdsz3i8du7h6mllyy14rcuaceg0d3j4kpd5n4lx60qt553nlz5b1lv6h5e81oestx571ugs:latest/my_conf_mat_id_table.table.json", "_latest_artifact_path": "wandb-client-artifact://epgcbv1ctlnsrvyslxndqfl4r4fpkvpnuczmuhl6fav5k5dqu1z6o2kq1mdsz3i8du7h6mllyy14rcuaceg0d3j4kpd5n4lx60qt553nlz5b1lv6h5e81oestx571ugs:latest/my_conf_mat_id_table.table.json", "path": "media/table/my_conf_mat_id_table_31_4e35a40abc17d9abe755.table.json", "ncols": 3, "nrows": 9}, "map": 0.39999129959757784, "ap": [0.699870033392782, 0.33018366664470256, 0.16992019875524908], "epoch": 0}