{"Loss/train": 0.02299119532108307, "learning_rate": 0.005, "cnt": 36, "arruracy": 1.0, "_timestamp": 1711222103.9090738, "_runtime": 445.85156893730164, "_step": 59, "my_conf_mat_id_table": {"_type": "table-file", "sha256": "29770f8e0f3f34159334620b2946de712becd16af95d084d4978d038fe165a9e", "size": 2372, "artifact_path": "wandb-client-artifact://wmdpgwxob0xyctn0d3vc8s7obk7i8tyvwzeob1mqk135l270kph7kmzmfepeucdxigb7iqfjwsuclojnwo39i1ymw8x1koqazdunogp3ugfxri1u2gjrweb1egfy54nr:latest/my_conf_mat_id_table.table.json", "_latest_artifact_path": "wandb-client-artifact://wmdpgwxob0xyctn0d3vc8s7obk7i8tyvwzeob1mqk135l270kph7kmzmfepeucdxigb7iqfjwsuclojnwo39i1ymw8x1koqazdunogp3ugfxri1u2gjrweb1egfy54nr:latest/my_conf_mat_id_table.table.json", "path": "media/table/my_conf_mat_id_table_58_29770f8e0f3f34159334.table.json", "ncols": 3, "nrows": 121}, "map": 1.0, "ap": [0.9999999999999999, 0.9999999999999999, 0.9999999999999999, 0.9999999999999999, 0.9999999999999999, 1.0, 0.9999999999999999, 0.9999999999999999, 0.9999999999999999, 0.9999999999999999, 0.9999999999999999], "epoch": 11}