{"Loss/train": 0.801445722579956, "learning_rate": 0.0005, "cnt": 108, "arruracy": 0.75, "_timestamp": 1711218748.55744, "_runtime": 84.04893398284912, "_step": 114, "my_conf_mat_id_table": {"_type": "table-file", "sha256": "4e35a40abc17d9abe755e1c17c6464c92c4ddcf885eda1587358181ca1c9a23f", "size": 501, "artifact_path": "wandb-client-artifact://wva8ruf7ss3lj8bm54eu4jr3tsh1q07upxb1q1pux3fiy59fzjnmg4ms5zlbdb8r1p02gxtkg4n78u3qgl31j4f7k1capi6f3qp1uq8qij6p7o9m2xvc6r4gvk3a2qmr:latest/my_conf_mat_id_table.table.json", "_latest_artifact_path": "wandb-client-artifact://wva8ruf7ss3lj8bm54eu4jr3tsh1q07upxb1q1pux3fiy59fzjnmg4ms5zlbdb8r1p02gxtkg4n78u3qgl31j4f7k1capi6f3qp1uq8qij6p7o9m2xvc6r4gvk3a2qmr:latest/my_conf_mat_id_table.table.json", "path": "media/table/my_conf_mat_id_table_97_4e35a40abc17d9abe755.table.json", "ncols": 3, "nrows": 9}, "map": 0.22534709565143288, "ap": [0.4397724152264471, 0.10723655318879466, 0.12903231853905692], "epoch": 2}