{"Loss/train": 0.7655524015426636, "learning_rate": 0.0005, "cnt": 0, "arruracy": [Infinity, 1.0, 0.5, Infinity, Infinity, 0.5, Infinity, Infinity], "_timestamp": 1711217532.9557056, "_runtime": 3.7903175354003906, "_step": 0}