{"loss": 0.1000734493136406, "epoch": 37, "cnt": 1159, "_timestamp": 1711213459.378684, "_runtime": 782.0314619541168, "_step": 1196, "map": 0.4322946833099898, "ap": [0.6819334273466393, 0.21607599906507685, 0.3988746235182532]}