{"Loss/train": 0.0928318053483963, "learning_rate": 0.005, "cnt": 32, "arruracy": 0.991304347826087, "_timestamp": 1711220477.0462136, "_runtime": 314.9953796863556, "_step": 63, "my_conf_mat_id_table": {"_type": "table-file", "sha256": "c150a520f446a643a0e32a3d10ad8fe5f1a57964d8886a85b4269f8197ea5483", "size": 501, "artifact_path": "wandb-client-artifact://tcsyryyxt2avom32wwsfeq4hqa273mzyxqa4n3e6nyou3shzh8co75wsnavad6v0fxz4k0zo6mqjacvkkujikwq31brrxqg6gjq56x8ph9r2t19iwb3vj0qh04fqzt7m:latest/my_conf_mat_id_table.table.json", "_latest_artifact_path": "wandb-client-artifact://tcsyryyxt2avom32wwsfeq4hqa273mzyxqa4n3e6nyou3shzh8co75wsnavad6v0fxz4k0zo6mqjacvkkujikwq31brrxqg6gjq56x8ph9r2t19iwb3vj0qh04fqzt7m:latest/my_conf_mat_id_table.table.json", "path": "media/table/my_conf_mat_id_table_62_c150a520f446a643a0e3.table.json", "ncols": 3, "nrows": 9}, "map": 0.9996540440588576, "ap": [0.9999077586541143, 0.9990543735224587, 1.0], "epoch": 15}